<?xml version="1.0" encoding="UTF-8"?>
<project-private xmlns="http://www.netbeans.org/ns/project-private/1">
    <editor-bookmarks xmlns="http://www.netbeans.org/ns/editor-bookmarks/2" lastBookmarkId="0"/>
    <open-files xmlns="http://www.netbeans.org/ns/projectui-open-files/2">
        <group>
            <file>file:/F:/Java_OOP_project/Varsity%20OOP%20Simple%20Project'/src/ShoppingApp/Book.java</file>
            <file>file:/F:/Java_OOP_project/Varsity%20OOP%20Simple%20Project'/src/ShoppingApp/Clothing.java</file>
            <file>file:/F:/Java_OOP_project/Varsity%20OOP%20Simple%20Project'/src/ShoppingApp/Electronics.java</file>
            <file>file:/F:/Java_OOP_project/Varsity%20OOP%20Simple%20Project'/src/ShoppingApp/Product.java</file>
        </group>
    </open-files>
</project-private>
