<?xml version="1.0" encoding="UTF-8"?>
<project-private xmlns="http://www.netbeans.org/ns/project-private/1">
    <editor-bookmarks xmlns="http://www.netbeans.org/ns/editor-bookmarks/2" lastBookmarkId="0"/>
    <open-files xmlns="http://www.netbeans.org/ns/projectui-open-files/2">
        <group>
            <file>file:/F:/Java_OOP_project/JavaApplication11/src/project_file/Main.java</file>
            <file>file:/F:/Java_OOP_project/JavaApplication11/src/project_file/AirplaneController.java</file>
            <file>file:/F:/Java_OOP_project/JavaApplication11/src/project_file/Employee.java</file>
            <file>file:/F:/Java_OOP_project/JavaApplication11/src/project_file/FlightController.java</file>
            <file>file:/F:/Java_OOP_project/JavaApplication11/src/project_file/EmployeeController.java</file>
            <file>file:/F:/Java_OOP_project/JavaApplication11/src/project_file/Database.java</file>
        </group>
    </open-files>
</project-private>
